{
	"config": {
		"clear_pct": 98.5,
		"display_rate_min_pct": 80.0,
		"guide_follows_player_radius": 0.0,
		"max_radius": 400.0,
		"min_radius": 200.0,
		"num_points": 14,
		"shape_type": "fish",
		"type": "heptagramsil_j",
		"variance": 0.15
	},
	"kind": "katadraw_custom_stage",
	"schema_version": 1.0,
	"shape": {
		"polygon_vertices": [
			[
				-1.10336816310883,
				0.348432064056396
			],
			[
				-0.754936099052429,
				-0.116144016385078
			],
			[
				-0.929152131080627,
				-0.580720067024231
			],
			[
				-0.348432064056396,
				-0.580720067024231
			],
			[
				0.0,
				-1.04529619216919
			],
			[
				0.348432064056396,
				-0.580720067024231
			],
			[
				0.929152131080627,
				-0.638792097568512
			],
			[
				0.754936099052429,
				-0.116144016385078
			],
			[
				1.10336816310883,
				0.348432064056396
			],
			[
				0.638792097568512,
				0.580720067024231
			],
			[
				0.522648096084595,
				1.04529619216919
			],
			[
				0.0,
				0.81300812959671
			],
			[
				-0.522648096084595,
				1.04529619216919
			],
			[
				-0.638792097568512,
				0.580720067024231
			]
		]
	}
}