{
	"config": {
		"clear_pct": 98.5,
		"display_rate_min_pct": 80.0,
		"guide_follows_player_radius": 0.0,
		"max_radius": 400.0,
		"min_radius": 200.0,
		"num_points": 7.0,
		"shape_type": "fish",
		"type": "heptagram_m",
		"variance": 0.15
	},
	"kind": "katadraw_custom_stage",
	"schema_version": 1.0,
	"shape": {
		"polygon_vertices": [
			[
				0.464576065540314,
				0.987224161624908
			],
			[
				-1.04529619216919,
				0.290360033512115
			],
			[
				0.0,
				-1.04529619216919
			],
			[
				1.04529619216919,
				0.290360033512115
			],
			[
				-0.464576065540314,
				0.987224161624908
			],
			[
				-0.754936099052429,
				-0.638792097568512
			],
			[
				0.871080160140991,
				-0.638792097568512
			]
		]
	}
}